metrics/precision(B),metrics/recall(B),metrics/mAP50(B),metrics/mAP50-95(B),fitness
0.5667225666459991,0.5070627591305849,0.5301779617135233,0.19364295894031333,0.19364295894031333
